domain,label
australianwoodenboatfestival,benign
qkdccn,dga
cewesckwaqc,dga
jknwld,dga
cyneugril,dga
grqbkcqbjjrncdoxv,dga
eikmcosam,dga
votegivegrow,benign
mamysymikazadoci,dga
kosgkkammkaflsdhy,dga
qquorah,dga
pfqhsrasw,dga
rbhatfhoj,dga
dqmjdb,dga
devshrmltkd,dga
npowancorml,dga
skimyciiskmgmuiaqgsq,dga
nwdzmqgfajecupinz,dga
uprmlxyflmnkimls,dga
fdpqbqphuwwkbibg,dga
hottgenknblbfdvh,dga
rbnslkgtcat,dga
jyoqwbregx,dga
galosibapedos,dga
quadrodeititoli,benign
ldmlxpkcvah,dga
elmedkmql,dga
hfianybzys,dga
lodgkajlyoofdpmbth,dga
owhymachuslazaroqok,dga
imperialtreecampbellca,benign
ywgokoiociykacgm,dga
ausbilderwelt,benign
myyuegue,dga
eezcareisbad,dga
specialforcescharitabletrust,benign
dxgzmen,dga
ipaemby,dga
titanicverein,benign
nrgtball,dga
disabledpersons-railcard,benign
ppvvebrags,dga
gianluiginuzzi,benign
pifpjmyhkn,dga
ucegmpst,dga
xktkpmg,dga
cpsmrvdkivwmnfdf,dga
zfsbficlight,dga
evadiidop,dga
wuyltzd,dga
missouribotanicalgarden,benign
gaqozahopecas,dga
yujmlyaupiq,dga
qlgttiphoi,dga
gmagkeym,dga
erlebniskino47,benign
wqgdnotom,dga
kkxdjexht,dga
wordofwarning,benign
tldaquerque,dga
xubyfijuq,dga
hhoeporsche,dga
cooltourclub,benign
imlltfvknr,dga
xuhyxidyq,dga
ymbsowelcamino,dga
individualizing,benign
westincopleyplaceboston,benign
ypfpabvc,dga
tgwmrbnoe,dga
pumugugene,dga
cyvnmonkeys,dga
puzajopikapuzihoj,dga
kitnect,dga
jkildrfa,dga
rpipmaed,dga
heekifxmnyc,dga
amityprinting,benign
puertoricotkd,benign
vglaczv,dga
zxseball,dga
gymodhockey,dga
rsnaxplccl,dga
ckisrancisco,dga
vnkhiolaq,dga
mymewasm,dga
ndokstring,dga
bhnfikbvtj,dga
evbnktl,dga
kukogaoia,dga
twfsswdup,dga
dpnmareisbad,dga
wdsqjjormqx,dga
ulvloosk,dga
hseivhcsalv,dga
mycywguaaks,dga
conceptum-sport-logistics,benign
tlonptwrbog,dga
gyiomachuslazaroqok,dga
discoveringthekootenays,benign
qgmsgmeeguccmsiewqo,dga
kuwmaamcwucyciquecy,dga
twistedgroove,benign
vofypyfofuv,dga
qgnysagabardinedazyx,dga
arxnejast,dga
wclringlane,dga
iqwuqeky,dga
tqzdalkdsh,dga
aaogmyyi,dga
easytogotacosgarcesfam,benign
lubqolddincmydvjmcg,dga
qgcilane,dga
airviewonline,benign
postmediavfx,benign
uhaicivsctmpkahok,dga
oscgacivic,dga
ibytzv,dga
onvhopjnfajvlkfm,dga
ndrrqxhayf,dga
qqebican765,dga
amjqoki,dga
voicecallsguru,benign
lplerfhzo,dga
rdibkgmwiombjojtji,dga
wsecqecmaysggigakccie,dga
skiiiekuuyaoeiyeys,dga
kthipijgpfar,dga
wqvlepictom,dga
hacopoz,dga
o0uhsdsneja2stufgtm,dga
cubeaonlwkj,dga
umpknta,dga
melfordf150,dga
jlmdtaprius,dga
doqotosifoziheryga,dga
pqacrang,dga
s1g1b15onm,dga
vlhsengerjet,dga
njtement,dga
rytapaqycehe,dga
qamsacivic,dga
mcfrsolbksninpt,dga
dxwgyg,dga
tallboysapparel,benign
qgaoqymssugmgikciaew,dga
galorubapetos,dga
bereavementontarionetwork,benign
dseafsfen,dga
publicsectorexecutive,benign
lkaerooclqrq,dga
sousleground,benign
vtrpotwfkapasmgdi,dga
prmysangh,dga
ociqkeasqocgoecksu,dga
